<component name="libraryTable">
  <library name="lib">
    <CLASSES>
      <root url="jar://$PROJECT_DIR$/lib/java-json.jar!/" />
      <root url="jar://$PROJECT_DIR$/lib/mysql-connector-java-8.0.11.jar!/" />
      <root url="jar://$PROJECT_DIR$/lib/mongo-java-driver-3.4.0.jar!/" />
      <root url="jar://$PROJECT_DIR$/lib/mysql-connector-java-5.1.41-bin.jar!/" />
      <root url="jar://$PROJECT_DIR$/lib/mysql-connector-java-6.0.6-bin.jar!/" />
      <root url="jar://$PROJECT_DIR$/lib/gson-2.6.2.jar!/" />
      <root url="jar://$PROJECT_DIR$/lib/javax.json-1.0.jar!/" />
      <root url="jar://$PROJECT_DIR$/lib/testng-6.8.7.jar!/" />
    </CLASSES>
    <JAVADOC />
    <SOURCES />
  </library>
</component>