<?xml version="1.0" encoding="UTF-8"?>
<StudentInfo>
  <student id="1">
    <firstName>Zabed</firstName>
    <lastName>Khan</lastName>
    <score>100</score>
  </student>
    <student id="2">
    <firstName>Mohammad</firstName>
    <lastName>Miah</lastName>
    <score>75</score>
  </student>
  <student id="3">
    <firstName>Apurba</firstName>
    <lastName>"Shah"</lastName>
    <score>80</score>
  </student>
  <student id="4">
    <firstName>Ishrat</firstName>
    <lastName>Eva</lastName>
    <score>88</score>
  </student>
  <student id="5">
    <firstName>Savin</firstName>
    <lastName>"Chow"</lastName>
    <score>100</score>
  </student>
</StudentInfo>
